581a5c7f9a78a018d83b817b|13 - Ashita Chikyuu ga Horobunara
581a5c7f9a78a018d83b817b|13 - Ashita Chikyuu ga Horobunara
58125fdfa350511ab435d745|2-02 Just Want You to Know
58125fdfa350511ab435d745|2-07 Inconsolable
58125fdfa350511ab435d745|2-10 Crawling Back to You
58125fdfa350511ab435d745|01 Best Song Ever
581a5c7f9a78a018d83b817b|01 Best Song Ever
58125fdfa350511ab435d745|1-14 More Than That
58125fdfa350511ab435d745|1-09 Show Me the Meaning of Being Lo
58125fdfa350511ab435d745|2-05 Weird World
58125fdfa350511ab435d745|2-10 Crawling Back to You
58125fdfa350511ab435d745|2-13 Bigger
58125fdfa350511ab435d745|1-14 More Than That
58125fdfa350511ab435d745|2-05 Weird World
58125fdfa350511ab435d745|2-02 Just Want You to Know
